{"cameraMode":{"drawMode":0,"name":"Shaded","section":"Shading Mode"},"sceneLighting":false,"audioPlay":false,"sceneViewState":{"showFog":true,"showMaterialUpdate":false,"showSkybox":false,"showFlares":true,"showImageEffects":true,"showParticleSystems":true},"in2DMode":false,"pivot":{"x":0.6504999995231628,"y":0.6779999732971191,"z":0.0009999265894293786},"rotation":{"x":0.14445757865905763,"y":-0.08449342846870423,"z":0.01238130684942007,"w":0.9858194589614868},"size":2.763237953186035,"orthographic":true}