{"cameraMode":{"drawMode":0,"name":"Shaded","section":"Shading Mode"},"sceneLighting":false,"audioPlay":false,"sceneViewState":{"showFog":true,"showMaterialUpdate":false,"showSkybox":false,"showFlares":true,"showImageEffects":true,"showParticleSystems":true},"in2DMode":false,"pivot":{"x":-0.24531933665275575,"y":-0.0446009635925293,"z":-0.044999733567237857},"rotation":{"x":0.09674793481826782,"y":-0.8137556314468384,"z":0.14178195595741273,"w":0.5552834272384644},"size":4.432229518890381,"orthographic":true}