{"cameraMode":{"drawMode":0,"name":"Shaded","section":"Shading Mode"},"sceneLighting":false,"audioPlay":false,"sceneViewState":{"showFog":true,"showMaterialUpdate":false,"showSkybox":false,"showFlares":true,"showImageEffects":true,"showParticleSystems":true},"in2DMode":false,"pivot":{"x":0.13187730312347413,"y":0.05500034615397453,"z":-0.48052483797073367},"rotation":{"x":0.09674793481826782,"y":-0.8137556314468384,"z":0.14178195595741273,"w":0.5552834272384644},"size":1.1427814960479737,"orthographic":true}